"Station Name","VERNON AUTO"
"Province","BRITISH COLUMBIA"
"Latitude","50.22"
"Longitude","-119.19"
"Elevation","482.00"
"Climate Identifier","1128582"
"WMO Identifier","71115"
"TC Identifier","WJV"
"All times are specified in Local Standard Time (LST). Add 1 hour to adjust for Daylight Saving Time where and when it is observed."

"Legend"
"E","Estimated"
"M","Missing"
"NA","Not Available"

"Date/Time","Year","Month","Day","Time","Temp (°C)","Temp Flag","Dew Point Temp (°C)","Dew Point Temp Flag","Rel Hum (%)","Rel Hum Flag","Wind Dir (10s deg)","Wind Dir Flag","Wind Spd (km/h)","Wind Spd Flag","Visibility (km)","Visibility Flag","Stn Press (kPa)","Stn Press Flag","Hmdx","Hmdx Flag","Wind Chill","Wind Chill Flag","Weather"
"2015-11-01 00:00","2015","11","01","00:00","4.5","","3.9","","96","","11","","15","","","","94.50","","","","","","NA"
"2015-11-01 01:00","2015","11","01","01:00","4.8","","3.8","","94","","9","","12","","","","94.44","","","","","","NA"
"2015-11-01 02:00","2015","11","01","02:00","5.2","","4.1","","93","","10","","14","","","","94.41","","","","","","NA"
"2015-11-01 03:00","2015","11","01","03:00","4.7","","3.5","","92","","10","","13","","","","94.46","","","","","","NA"
"2015-11-01 04:00","2015","11","01","04:00","4.5","","3.9","","96","","18","","1","","","","94.54","","","","","","NA"
"2015-11-01 05:00","2015","11","01","05:00","5.5","","4.5","","93","","8","","9","","","","94.45","","","","","","NA"
"2015-11-01 06:00","2015","11","01","06:00","5.0","","4.3","","95","","15","","5","","","","94.51","","","","","","NA"
"2015-11-01 07:00","2015","11","01","07:00","5.0","","3.9","","93","","11","","8","","","","94.52","","","","","","NA"
"2015-11-01 08:00","2015","11","01","08:00","4.6","","3.5","","93","","8","","4","","","","94.55","","","","","","NA"
"2015-11-01 09:00","2015","11","01","09:00","6.7","","4.2","","84","","10","","7","","","","94.60","","","","","","NA"
"2015-11-01 10:00","2015","11","01","10:00","7.4","","5.5","","88","","10","","10","","","","94.65","","","","","","NA"
"2015-11-01 11:00","2015","11","01","11:00","8.8","","5.4","","79","","8","","1","","","","94.68","","","","","","NA"
"2015-11-01 12:00","2015","11","01","12:00","10.2","","4.3","","67","","13","","4","","","","94.71","","","","","","NA"
"2015-11-01 13:00","2015","11","01","13:00","10.6","","4.2","","64","","33","","3","","","","94.74","","","","","","NA"
"2015-11-01 14:00","2015","11","01","14:00","10.8","","0.0","","47","","26","","7","","","","94.81","","","","","","NA"
"2015-11-01 15:00","2015","11","01","15:00","10.0","","1.7","","57","","32","","5","","","","94.83","","","","","","NA"
"2015-11-01 16:00","2015","11","01","16:00","9.3","","1.1","","57","","27","","11","","","","94.91","","","","","","NA"
"2015-11-01 17:00","2015","11","01","17:00","8.3","","1.7","","63","","30","","3","","","","94.96","","","","","","NA"
"2015-11-01 18:00","2015","11","01","18:00","7.2","","3.6","","78","","9","","4","","","","95.01","","","","","","NA"
"2015-11-01 19:00","2015","11","01","19:00","6.3","","4.0","","86","","8","","5","","","","95.04","","","","","","NA"
"2015-11-01 20:00","2015","11","01","20:00","6.0","","4.1","","88","","8","","6","","","","95.04","","","","","","NA"
"2015-11-01 21:00","2015","11","01","21:00","5.6","","4.3","","91","","8","","9","","","","95.05","","","","","","NA"
"2015-11-01 22:00","2015","11","01","22:00","5.3","","4.6","","95","","9","","6","","","","95.12","","","","","","NA"
"2015-11-01 23:00","2015","11","01","23:00","4.8","","4.3","","97","","9","","7","","","","95.13","","","","","","NA"
"2015-11-02 00:00","2015","11","02","00:00","4.5","","3.9","","96","","11","","7","","","","95.15","","","","","","NA"
"2015-11-02 01:00","2015","11","02","01:00","4.5","","4.1","","98","","19","","2","","","","95.21","","","","","","NA"
"2015-11-02 02:00","2015","11","02","02:00","4.4","","4.2","","99","","","","0","","","","95.26","","","","","","NA"
"2015-11-02 03:00","2015","11","02","03:00","4.4","","4.2","","99","","","","0","","","","95.29","","","","","","NA"
"2015-11-02 04:00","2015","11","02","04:00","4.3","","4.1","","99","","9","","3","","","","95.29","","","","","","NA"
"2015-11-02 05:00","2015","11","02","05:00","4.2","","4.0","","98","","","","0","","","","95.36","","","","","","NA"
"2015-11-02 06:00","2015","11","02","06:00","4.3","","4.0","","99","","10","","1","","","","95.36","","","","","","NA"
"2015-11-02 07:00","2015","11","02","07:00","4.2","","4.0","","99","","0","","1","","","","95.40","","","","","","NA"
"2015-11-02 08:00","2015","11","02","08:00","4.4","","4.2","","99","","15","","2","","","","95.44","","","","","","NA"
"2015-11-02 09:00","2015","11","02","09:00","4.8","","4.5","","98","","10","","3","","","","95.47","","","","","","NA"
"2015-11-02 10:00","2015","11","02","10:00","5.2","","4.7","","97","","","","0","","","","95.49","","","","","","NA"
"2015-11-02 11:00","2015","11","02","11:00","7.7","","4.7","","81","","14","","2","","","","95.48","","","","","","NA"
"2015-11-02 12:00","2015","11","02","12:00","7.7","","4.8","","82","","29","","4","","","","95.45","","","","","","NA"
"2015-11-02 13:00","2015","11","02","13:00","7.8","","3.9","","77","","27","","3","","","","95.42","","","","","","NA"
"2015-11-02 14:00","2015","11","02","14:00","9.9","","3.1","","63","","24","","8","","","","95.43","","","","","","NA"
"2015-11-02 15:00","2015","11","02","15:00","8.0","","3.7","","74","","27","","3","","","","95.46","","","","","","NA"
"2015-11-02 16:00","2015","11","02","16:00","6.4","","3.8","","83","","16","","5","","","","95.47","","","","","","NA"
"2015-11-02 17:00","2015","11","02","17:00","4.3","","2.5","","88","","13","","9","","","","95.49","","","","","","NA"
"2015-11-02 18:00","2015","11","02","18:00","3.6","","2.3","","92","","12","","7","","","","95.52","","","","","","NA"
"2015-11-02 19:00","2015","11","02","19:00","2.9","","1.8","","93","","11","","11","","","","95.52","","","","","","NA"
"2015-11-02 20:00","2015","11","02","20:00","1.9","","1.1","","94","","10","","8","","","","95.54","","","","","","NA"
"2015-11-02 21:00","2015","11","02","21:00","2.3","","1.9","","97","","11","","7","","","","95.60","","","","","","NA"
"2015-11-02 22:00","2015","11","02","22:00","2.4","","1.8","","96","","11","","11","","","","95.60","","","","","","NA"
"2015-11-02 23:00","2015","11","02","23:00","2.3","","1.6","","95","","10","","10","","","","95.60","","","","","","NA"
"2015-11-03 00:00","2015","11","03","00:00","2.4","","1.6","","94","","11","","6","","","","95.61","","","","","","NA"
"2015-11-03 01:00","2015","11","03","01:00","2.0","","1.4","","96","","9","","3","","","","95.63","","","","","","NA"
"2015-11-03 02:00","2015","11","03","02:00","2.0","","1.5","","96","","11","","3","","","","95.64","","","","","","NA"
"2015-11-03 03:00","2015","11","03","03:00","2.0","","1.4","","96","","11","","7","","","","95.63","","","","","","NA"
"2015-11-03 04:00","2015","11","03","04:00","1.8","","1.4","","97","","9","","3","","","","95.64","","","","","","NA"
"2015-11-03 05:00","2015","11","03","05:00","1.2","","0.9","","98","","10","","4","","","","95.66","","","","","","NA"
"2015-11-03 06:00","2015","11","03","06:00","1.2","","1.1","","99","","9","","3","","","","95.70","","","","","","NA"
"2015-11-03 07:00","2015","11","03","07:00","1.5","","1.3","","99","","9","","3","","","","95.73","","","","","","NA"
"2015-11-03 08:00","2015","11","03","08:00","2.2","","1.9","","98","","10","","6","","","","95.80","","","","","","NA"
"2015-11-03 09:00","2015","11","03","09:00","3.7","","2.7","","93","","0","","1","","","","95.83","","","","","","NA"
"2015-11-03 10:00","2015","11","03","10:00","4.9","","3.9","","93","","0","","1","","","","95.84","","","","","","NA"
"2015-11-03 11:00","2015","11","03","11:00","5.6","","3.8","","88","","22","","4","","","","95.84","","","","","","NA"
"2015-11-03 12:00","2015","11","03","12:00","6.6","","1.4","","69","","28","","2","","","","95.84","","","","","","NA"
"2015-11-03 13:00","2015","11","03","13:00","7.5","","1.0","","63","","24","","6","","","","95.82","","","","","","NA"
"2015-11-03 14:00","2015","11","03","14:00","7.3","","1.1","","65","","26","","4","","","","95.86","","","","","","NA"
"2015-11-03 15:00","2015","11","03","15:00","6.7","","1.7","","71","","28","","2","","","","95.91","","","","","","NA"
"2015-11-03 16:00","2015","11","03","16:00","6.2","","2.2","","75","","21","","3","","","","95.97","","","","","","NA"
"2015-11-03 17:00","2015","11","03","17:00","5.2","","1.8","","78","","24","","2","","","","96.03","","","","","","NA"
"2015-11-03 18:00","2015","11","03","18:00","3.9","","1.3","","83","","11","","3","","","","96.07","","","","","","NA"
"2015-11-03 19:00","2015","11","03","19:00","2.0","","0.1","","87","","11","","2","","","","96.10","","","","","","NA"
"2015-11-03 20:00","2015","11","03","20:00","1.0","","-0.5","","89","","7","","3","","","","96.16","","","","","","NA"
"2015-11-03 21:00","2015","11","03","21:00","0.3","","-0.7","","93","","9","","4","","","","96.16","","","","","","NA"
"2015-11-03 22:00","2015","11","03","22:00","-0.1","","-1.0","","94","","9","","5","","","","96.17","","","","-2","","NA"
"2015-11-03 23:00","2015","11","03","23:00","-0.4","","-1.2","","94","","10","","9","","","","96.18","","","","-4","","NA"
"2015-11-04 00:00","2015","11","04","00:00","-0.3","","-1.2","","94","","10","","11","","","","96.20","","","","-4","","NA"
"2015-11-04 01:00","2015","11","04","01:00","-0.4","","-0.9","","96","","11","","13","","","","96.19","","","","-5","","NA"
"2015-11-04 02:00","2015","11","04","02:00","-0.7","","-1.4","","95","","11","","10","","","","96.22","","","","-4","","NA"
"2015-11-04 03:00","2015","11","04","03:00","-1.0","","-1.3","","97","","10","","7","","","","96.24","","","","-4","","NA"
"2015-11-04 04:00","2015","11","04","04:00","-1.3","","-2.0","","95","","11","","9","","","","96.24","","","","-5","","NA"
"2015-11-04 05:00","2015","11","04","05:00","-1.3","","-2.1","","95","","10","","10","","","","96.21","","","","-5","","NA"
"2015-11-04 06:00","2015","11","04","06:00","-1.7","","-2.3","","95","","9","","2","","","","96.21","","","","-2","","NA"
"2015-11-04 07:00","2015","11","04","07:00","-2.4","","-2.7","","98","","2","","2","","","","96.25","","","","-3","","NA"
"2015-11-04 08:00","2015","11","04","08:00","-0.7","","-1.1","","97","","10","","7","","","","96.24","","","","-3","","NA"
"2015-11-04 09:00","2015","11","04","09:00","0.9","","-1.0","","87","","24","","3","","","","96.25","","","","","","NA"
"2015-11-04 10:00","2015","11","04","10:00","1.6","","-0.2","","88","","31","","2","","","","96.23","","","","","","NA"
"2015-11-04 11:00","2015","11","04","11:00","2.6","","-0.1","","82","","29","","3","","","","96.22","","","","","","NA"
"2015-11-04 12:00","2015","11","04","12:00","5.0","","0.0","","70","","23","","4","","","","96.16","","","","","","NA"
"2015-11-04 13:00","2015","11","04","13:00","4.4","","0.5","","76","","20","","3","","","","96.10","","","","","","NA"
"2015-11-04 14:00","2015","11","04","14:00","4.4","","-0.2","","72","","27","","3","","","","96.07","","","","","","NA"
"2015-11-04 15:00","2015","11","04","15:00","4.5","","-0.1","","72","","29","","2","","","","96.09","","","","","","NA"
"2015-11-04 16:00","2015","11","04","16:00","4.1","","1.0","","81","","0","","1","","","","96.07","","","","","","NA"
"2015-11-04 17:00","2015","11","04","17:00","2.9","","0.9","","87","","10","","2","","","","96.03","","","","","","NA"
"2015-11-04 18:00","2015","11","04","18:00","1.9","","0.7","","92","","9","","2","","","","96.07","","","","","","NA"
"2015-11-04 19:00","2015","11","04","19:00","1.4","","0.2","","92","","9","","3","","","","96.07","","","","","","NA"
"2015-11-04 20:00","2015","11","04","20:00","2.1","","1.0","","92","","13","","5","","","","96.02","","","","","","NA"
"2015-11-04 21:00","2015","11","04","21:00","2.1","","0.5","","89","","12","","9","","","","96.02","","","","","","NA"
"2015-11-04 22:00","2015","11","04","22:00","1.6","","0.3","","91","","11","","7","","","","96.00","","","","","","NA"
"2015-11-04 23:00","2015","11","04","23:00","1.1","","0.2","","94","","9","","2","","","","96.02","","","","","","NA"
"2015-11-05 00:00","2015","11","05","00:00","0.7","","-0.1","","95","","10","","6","","","","95.99","","","","","","NA"
"2015-11-05 01:00","2015","11","05","01:00","1.4","","0.0","","91","","10","","5","","","","95.98","","","","","","NA"
"2015-11-05 02:00","2015","11","05","02:00","1.4","","0.3","","92","","7","","2","","","","95.99","","","","","","NA"
"2015-11-05 03:00","2015","11","05","03:00","1.2","","0.2","","93","","11","","4","","","","95.92","","","","","","NA"
"2015-11-05 04:00","2015","11","05","04:00","0.9","","0.1","","94","","15","","2","","","","95.90","","","","","","NA"
"2015-11-05 05:00","2015","11","05","05:00","1.3","","0.5","","95","","10","","2","","","","95.91","","","","","","NA"
"2015-11-05 06:00","2015","11","05","06:00","1.1","","0.5","","96","","","","0","","","","95.92","","","","","","NA"
"2015-11-05 07:00","2015","11","05","07:00","1.3","","0.8","","97","","24","","4","","","","95.98","","","","","","NA"
"2015-11-05 08:00","2015","11","05","08:00","1.7","","1.4","","98","","19","","1","","","","96.02","","","","","","NA"
"2015-11-05 09:00","2015","11","05","09:00","2.4","","1.8","","96","","0","","1","","","","96.12","","","","","","NA"
"2015-11-05 10:00","2015","11","05","10:00","4.0","","2.8","","92","","0","","1","","","","96.13","","","","","","NA"
"2015-11-05 11:00","2015","11","05","11:00","6.0","","3.1","","82","","36","","2","","","","96.17","","","","","","NA"
"2015-11-05 12:00","2015","11","05","12:00","6.4","","2.7","","77","","25","","4","","","","96.19","","","","","","NA"
"2015-11-05 13:00","2015","11","05","13:00","6.6","","2.7","","76","","21","","3","","","","96.21","","","","","","NA"
"2015-11-05 14:00","2015","11","05","14:00","6.7","","3.0","","77","","0","","1","","","","96.23","","","","","","NA"
"2015-11-05 15:00","2015","11","05","15:00","6.6","","2.8","","76","","0","","1","","","","96.27","","","","","","NA"
"2015-11-05 16:00","2015","11","05","16:00","5.6","","3.1","","84","","12","","3","","","","96.32","","","","","","NA"
"2015-11-05 17:00","2015","11","05","17:00","4.3","","1.0","","79","","8","","4","","","","96.36","","","","","","NA"
"2015-11-05 18:00","2015","11","05","18:00","3.6","","1.0","","83","","11","","8","","","","96.42","","","","","","NA"
"2015-11-05 19:00","2015","11","05","19:00","2.6","","0.8","","88","","11","","10","","","","96.47","","","","","","NA"
"2015-11-05 20:00","2015","11","05","20:00","2.2","","0.9","","91","","11","","11","","","","96.50","","","","","","NA"
"2015-11-05 21:00","2015","11","05","21:00","1.6","","0.8","","94","","11","","9","","","","96.56","","","","","","NA"
"2015-11-05 22:00","2015","11","05","22:00","1.0","","0.2","","94","","11","","10","","","","96.60","","","","","","NA"
"2015-11-05 23:00","2015","11","05","23:00","0.5","","-0.2","","95","","12","","10","","","","96.63","","","","","","NA"
"2015-11-06 00:00","2015","11","06","00:00","0.5","","-0.3","","94","","10","","14","","","","96.65","","","","","","NA"
"2015-11-06 01:00","2015","11","06","01:00","0.7","","-0.1","","94","","10","","10","","","","96.70","","","","","","NA"
"2015-11-06 02:00","2015","11","06","02:00","1.4","","0.3","","93","","9","","9","","","","96.73","","","","","","NA"
"2015-11-06 03:00","2015","11","06","03:00","0.7","","-0.2","","94","","10","","14","","","","96.70","","","","","","NA"
"2015-11-06 04:00","2015","11","06","04:00","0.0","","-0.4","","97","","10","","10","","","","96.72","","","","-3","","NA"
"2015-11-06 05:00","2015","11","06","05:00","-0.3","","-0.5","","98","","12","","11","","","","96.74","","","","-4","","NA"
"2015-11-06 06:00","2015","11","06","06:00","0.3","","-0.2","","96","","11","","12","","","","96.76","","","","","","NA"
"2015-11-06 07:00","2015","11","06","07:00","0.2","","-0.4","","96","","11","","8","","","","96.78","","","","","","NA"
"2015-11-06 08:00","2015","11","06","08:00","1.2","","0.0","","92","","11","","8","","","","96.82","","","","","","NA"
"2015-11-06 09:00","2015","11","06","09:00","2.0","","0.4","","89","","12","","8","","","","96.82","","","","","","NA"
"2015-11-06 10:00","2015","11","06","10:00","3.1","","0.8","","85","","11","","8","","","","96.83","","","","","","NA"
"2015-11-06 11:00","2015","11","06","11:00","3.9","","0.9","","81","","36","","1","","","","96.85","","","","","","NA"
"2015-11-06 12:00","2015","11","06","12:00","4.1","","1.2","","81","","16","","4","","","","96.81","","","","","","NA"
"2015-11-06 13:00","2015","11","06","13:00","4.5","","1.6","","81","","14","","8","","","","96.74","","","","","","NA"
"2015-11-06 14:00","2015","11","06","14:00","4.8","","1.6","","80","","8","","3","","","","96.72","","","","","","NA"
"2015-11-06 15:00","2015","11","06","15:00","4.7","","2.0","","82","","9","","3","","","","96.70","","","","","","NA"
"2015-11-06 16:00","2015","11","06","16:00","4.5","","1.9","","83","","10","","3","","","","96.67","","","","","","NA"
"2015-11-06 17:00","2015","11","06","17:00","4.0","","2.2","","88","","9","","6","","","","96.63","","","","","","NA"
"2015-11-06 18:00","2015","11","06","18:00","4.1","","2.1","","87","","11","","9","","","","96.62","","","","","","NA"
"2015-11-06 19:00","2015","11","06","19:00","4.2","","2.1","","87","","10","","6","","","","96.59","","","","","","NA"
"2015-11-06 20:00","2015","11","06","20:00","4.1","","2.0","","86","","11","","10","","","","96.53","","","","","","NA"
"2015-11-06 21:00","2015","11","06","21:00","4.1","","2.0","","86","","11","","9","","","","96.47","","","","","","NA"
"2015-11-06 22:00","2015","11","06","22:00","4.1","","2.3","","88","","10","","8","","","","96.41","","","","","","NA"
"2015-11-06 23:00","2015","11","06","23:00","4.2","","2.1","","86","","9","","7","","","","96.38","","","","","","NA"
"2015-11-07 00:00","2015","11","07","00:00","4.2","","2.0","","86","","11","","9","","","","96.30","","","","","","NA"
"2015-11-07 01:00","2015","11","07","01:00","4.2","","2.0","","86","","11","","7","","","","96.26","","","","","","NA"
"2015-11-07 02:00","2015","11","07","02:00","4.1","","2.3","","88","","10","","11","","","","96.17","","","","","","NA"
"2015-11-07 03:00","2015","11","07","03:00","4.0","","2.6","","91","","10","","13","","","","96.07","","","","","","NA"
"2015-11-07 04:00","2015","11","07","04:00","4.1","","2.7","","91","","11","","14","","","","95.99","","","","","","NA"
"2015-11-07 05:00","2015","11","07","05:00","4.1","","2.8","","91","","12","","9","","","","95.93","","","","","","NA"
"2015-11-07 06:00","2015","11","07","06:00","4.2","","2.8","","91","","10","","14","","","","95.85","","","","","","NA"
"2015-11-07 07:00","2015","11","07","07:00","4.1","","3.0","","93","","9","","12","","","","95.79","","","","","","NA"
"2015-11-07 08:00","2015","11","07","08:00","4.1","","3.1","","94","","10","","12","","","","95.78","","","","","","NA"
"2015-11-07 09:00","2015","11","07","09:00","4.5","","3.6","","94","","10","","12","","","","95.74","","","","","","NA"
"2015-11-07 10:00","2015","11","07","10:00","5.0","","3.9","","92","","9","","10","","","","95.71","","","","","","NA"
"2015-11-07 11:00","2015","11","07","11:00","5.4","","4.2","","92","","10","","14","","","","95.65","","","","","","NA"
"2015-11-07 12:00","2015","11","07","12:00","6.3","","4.5","","89","","10","","13","","","","95.58","","","","","","NA"
"2015-11-07 13:00","2015","11","07","13:00","6.9","","4.8","","87","","11","","8","","","","95.49","","","","","","NA"
"2015-11-07 14:00","2015","11","07","14:00","6.5","","4.7","","88","","12","","11","","","","95.42","","","","","","NA"
"2015-11-07 15:00","2015","11","07","15:00","6.1","","4.9","","92","","9","","8","","","","95.41","","","","","","NA"
"2015-11-07 16:00","2015","11","07","16:00","5.8","","4.9","","94","","10","","11","","","","95.38","","","","","","NA"
"2015-11-07 17:00","2015","11","07","17:00","5.5","","4.9","","96","","10","","12","","","","95.37","","","","","","NA"
"2015-11-07 18:00","2015","11","07","18:00","5.5","","4.9","","96","","10","","14","","","","95.32","","","","","","NA"
"2015-11-07 19:00","2015","11","07","19:00","5.5","","4.9","","96","","9","","8","","","","95.27","","","","","","NA"
"2015-11-07 20:00","2015","11","07","20:00","5.8","","4.8","","93","","8","","5","","","","95.25","","","","","","NA"
"2015-11-07 21:00","2015","11","07","21:00","6.0","","4.6","","91","","9","","10","","","","95.22","","","","","","NA"
"2015-11-07 22:00","2015","11","07","22:00","5.7","","4.6","","93","","9","","11","","","","95.19","","","","","","NA"
"2015-11-07 23:00","2015","11","07","23:00","5.3","","4.6","","95","","8","","10","","","","95.10","","","","","","NA"
"2015-11-08 00:00","2015","11","08","00:00","5.5","","4.5","","93","","10","","12","","","","95.08","","","","","","NA"
"2015-11-08 01:00","2015","11","08","01:00","5.4","","4.3","","92","","9","","7","","","","95.04","","","","","","NA"
"2015-11-08 02:00","2015","11","08","02:00","5.3","","4.2","","93","","12","","9","","","","95.01","","","","","","NA"
"2015-11-08 03:00","2015","11","08","03:00","5.3","","4.3","","94","","10","","11","","","","94.96","","","","","","NA"
"2015-11-08 04:00","2015","11","08","04:00","5.0","","4.4","","96","","11","","8","","","","94.96","","","","","","NA"
"2015-11-08 05:00","2015","11","08","05:00","4.9","","4.5","","98","","10","","7","","","","94.98","","","","","","NA"
"2015-11-08 06:00","2015","11","08","06:00","4.9","","4.6","","98","","10","","17","","","","94.99","","","","","","NA"
"2015-11-08 07:00","2015","11","08","07:00","4.6","","4.3","","98","","8","","5","","","","95.07","","","","","","NA"
"2015-11-08 08:00","2015","11","08","08:00","4.7","","4.3","","98","","10","","8","","","","95.14","","","","","","NA"
"2015-11-08 09:00","2015","11","08","09:00","5.6","","4.9","","95","","11","","7","","","","95.18","","","","","","NA"
"2015-11-08 10:00","2015","11","08","10:00","7.1","","5.4","","89","","11","","9","","","","95.22","","","","","","NA"
"2015-11-08 11:00","2015","11","08","11:00","8.9","","5.2","","78","","11","","6","","","","95.22","","","","","","NA"
"2015-11-08 12:00","2015","11","08","12:00","9.9","","5.3","","73","","10","","4","","","","95.20","","","","","","NA"
"2015-11-08 13:00","2015","11","08","13:00","11.4","","5.8","","68","","17","","7","","","","95.18","","","","","","NA"
"2015-11-08 14:00","2015","11","08","14:00","10.2","","5.3","","72","","18","","3","","","","95.17","","","","","","NA"
"2015-11-08 15:00","2015","11","08","15:00","9.8","","4.6","","70","","25","","5","","","","95.17","","","","","","NA"
"2015-11-08 16:00","2015","11","08","16:00","7.4","","4.4","","81","","11","","5","","","","95.19","","","","","","NA"
"2015-11-08 17:00","2015","11","08","17:00","5.2","","3.2","","87","","12","","7","","","","95.22","","","","","","NA"
"2015-11-08 18:00","2015","11","08","18:00","4.3","","3.0","","91","","11","","6","","","","95.27","","","","","","NA"
"2015-11-08 19:00","2015","11","08","19:00","3.7","","2.8","","94","","11","","9","","","","95.31","","","","","","NA"
"2015-11-08 20:00","2015","11","08","20:00","4.2","","3.1","","93","","10","","12","","","","95.35","","","","","","NA"
"2015-11-08 21:00","2015","11","08","21:00","4.0","","2.9","","92","","9","","5","","","","95.40","","","","","","NA"
"2015-11-08 22:00","2015","11","08","22:00","3.3","","2.5","","95","","25","","1","","","","95.43","","","","","","NA"
"2015-11-08 23:00","2015","11","08","23:00","3.6","","3.0","","96","","","","0","","","","95.47","","","","","","NA"
"2015-11-09 00:00","2015","11","09","00:00","3.4","","2.9","","97","","0","","1","","","","95.50","","","","","","NA"
"2015-11-09 01:00","2015","11","09","01:00","3.5","","3.2","","98","","0","","1","","","","95.55","","","","","","NA"
"2015-11-09 02:00","2015","11","09","02:00","3.4","","3.2","","98","","13","","3","","","","95.52","","","","","","NA"
"2015-11-09 03:00","2015","11","09","03:00","3.6","","3.4","","99","","24","","1","","","","95.56","","","","","","NA"
"2015-11-09 04:00","2015","11","09","04:00","3.3","","3.1","","99","","23","","2","","","","95.58","","","","","","NA"
"2015-11-09 05:00","2015","11","09","05:00","3.5","","3.3","","99","","21","","3","","","","95.59","","","","","","NA"
"2015-11-09 06:00","2015","11","09","06:00","3.0","","2.8","","98","","24","","4","","","","95.64","","","","","","NA"
"2015-11-09 07:00","2015","11","09","07:00","3.5","","2.6","","94","","28","","4","","","","95.70","","","","","","NA"
"2015-11-09 08:00","2015","11","09","08:00","3.7","","2.3","","91","","29","","6","","","","95.74","","","","","","NA"
"2015-11-09 09:00","2015","11","09","09:00","4.2","","2.1","","86","","30","","8","","","","95.77","","","","","","NA"
"2015-11-09 10:00","2015","11","09","10:00","4.5","","2.0","","84","","29","","7","","","","95.82","","","","","","NA"
"2015-11-09 11:00","2015","11","09","11:00","5.0","","1.6","","79","","27","","5","","","","95.85","","","","","","NA"
"2015-11-09 12:00","2015","11","09","12:00","5.3","","0.3","","70","","31","","4","","","","95.84","","","","","","NA"
"2015-11-09 13:00","2015","11","09","13:00","5.3","","0.1","","69","","31","","5","","","","95.84","","","","","","NA"
"2015-11-09 14:00","2015","11","09","14:00","5.5","","-0.2","","67","","29","","4","","","","95.87","","","","","","NA"
"2015-11-09 15:00","2015","11","09","15:00","5.3","","0.3","","70","","29","","4","","","","95.91","","","","","","NA"
"2015-11-09 16:00","2015","11","09","16:00","4.3","","0.5","","77","","28","","2","","","","95.93","","","","","","NA"
"2015-11-09 17:00","2015","11","09","17:00","2.6","","-0.2","","82","","6","","2","","","","95.99","","","","","","NA"
"2015-11-09 18:00","2015","11","09","18:00","2.3","","0.1","","86","","10","","3","","","","96.04","","","","","","NA"
"2015-11-09 19:00","2015","11","09","19:00","2.3","","0.2","","86","","9","","2","","","","96.08","","","","","","NA"
"2015-11-09 20:00","2015","11","09","20:00","1.9","","0.2","","88","","8","","3","","","","96.13","","","","","","NA"
"2015-11-09 21:00","2015","11","09","21:00","1.9","","0.4","","89","","10","","2","","","","96.18","","","","","","NA"
"2015-11-09 22:00","2015","11","09","22:00","2.1","","0.1","","87","","","","0","","","","96.22","","","","","","NA"
"2015-11-09 23:00","2015","11","09","23:00","1.1","","-0.2","","91","","24","","3","","","","96.25","","","","","","NA"
"2015-11-10 00:00","2015","11","10","00:00","-0.3","","-1.3","","93","","13","","3","","","","96.25","","","","-1","","NA"
"2015-11-10 01:00","2015","11","10","01:00","-1.2","","-1.9","","95","","8","","2","","","","96.28","","","","-2","","NA"
"2015-11-10 02:00","2015","11","10","02:00","-2.0","","-2.5","","97","","7","","3","","","","96.32","","","","-3","","NA"
"2015-11-10 03:00","2015","11","10","03:00","-1.3","","-1.9","","96","","10","","7","","","","96.29","","","","-4","","NA"
"2015-11-10 04:00","2015","11","10","04:00","-2.5","","-2.9","","96","","9","","1","","","","96.30","","","","-3","","NA"
"2015-11-10 05:00","2015","11","10","05:00","-2.8","","-3.2","","97","","9","","5","","","","96.30","","","","-5","","NA"
"2015-11-10 06:00","2015","11","10","06:00","-1.9","","-3.0","","92","","11","","8","","","","96.32","","","","-5","","NA"
"2015-11-10 07:00","2015","11","10","07:00","-3.3","","-4.3","","93","","10","","3","","","","96.36","","","","-5","","NA"
"2015-11-10 08:00","2015","11","10","08:00","-1.9","","-3.2","","91","","11","","11","","","","96.38","","","","-6","","NA"
"2015-11-10 09:00","2015","11","10","09:00","0.2","","-2.4","","83","","13","","8","","","","96.38","","","","","","NA"
"2015-11-10 10:00","2015","11","10","10:00","2.3","","-1.4","","76","","17","","6","","","","96.32","","","","","","NA"
"2015-11-10 11:00","2015","11","10","11:00","3.9","","-1.1","","70","","29","","3","","","","96.26","","","","","","NA"
"2015-11-10 12:00","2015","11","10","12:00","3.8","","-1.7","","68","","25","","4","","","","96.21","","","","","","NA"
"2015-11-10 13:00","2015","11","10","13:00","4.1","","-1.2","","68","","26","","3","","","","96.13","","","","","","NA"
"2015-11-10 14:00","2015","11","10","14:00","3.9","","-0.8","","72","","30","","4","","","","96.11","","","","","","NA"
"2015-11-10 15:00","2015","11","10","15:00","3.3","","-0.9","","74","","","","0","","","","96.06","","","","","","NA"
"2015-11-10 16:00","2015","11","10","16:00","1.8","","-0.3","","86","","14","","3","","","","96.03","","","","","","NA"
"2015-11-10 17:00","2015","11","10","17:00","1.3","","-0.7","","87","","11","","3","","","","96.03","","","","","","NA"
"2015-11-10 18:00","2015","11","10","18:00","1.4","","-0.7","","86","","12","","13","","","","95.94","","","","","","NA"
"2015-11-10 19:00","2015","11","10","19:00","2.2","","-0.6","","82","","11","","10","","","","95.91","","","","","","NA"
"2015-11-10 20:00","2015","11","10","20:00","1.3","","-0.4","","88","","10","","11","","","","95.85","","","","","","NA"
"2015-11-10 21:00","2015","11","10","21:00","1.2","","-0.9","","86","","11","","14","","","","95.81","","","","","","NA"
"2015-11-10 22:00","2015","11","10","22:00","1.7","","-0.9","","83","","10","","9","","","","95.71","","","","","","NA"
"2015-11-10 23:00","2015","11","10","23:00","1.6","","-1.1","","83","","12","","14","","","","95.59","","","","","","NA"
"2015-11-11 00:00","2015","11","11","00:00","2.4","","-1.3","","77","","8","","5","","","","95.56","","","","","","NA"
"2015-11-11 01:00","2015","11","11","01:00","2.3","","-0.8","","80","","13","","5","","","","95.50","","","","","","NA"
"2015-11-11 02:00","2015","11","11","02:00","2.0","","-0.7","","82","","3","","2","","","","95.46","","","","","","NA"
"2015-11-11 03:00","2015","11","11","03:00","2.0","","-0.5","","84","","2","","2","","","","95.52","","","","","","NA"
"2015-11-11 04:00","2015","11","11","04:00","4.4","","-0.2","","72","","26","","8","","","","95.40","","","","","","NA"
"2015-11-11 05:00","2015","11","11","05:00","3.5","","-0.3","","76","","16","","2","","","","95.46","","","","","","NA"
"2015-11-11 06:00","2015","11","11","06:00","4.1","","1.4","","82","","32","","7","","","","95.47","","","","","","NA"
"2015-11-11 07:00","2015","11","11","07:00","4.0","","1.3","","83","","31","","5","","","","95.56","","","","","","NA"
"2015-11-11 08:00","2015","11","11","08:00","4.9","","1.2","","77","","31","","11","","","","95.67","","","","","","NA"
"2015-11-11 09:00","2015","11","11","09:00","4.4","","1.7","","83","","23","","4","","","","95.78","","","","","","NA"
"2015-11-11 10:00","2015","11","11","10:00","6.3","","2.9","","79","","8","","6","","","","95.83","","","","","","NA"
"2015-11-11 11:00","2015","11","11","11:00","6.7","","1.6","","70","","11","","3","","","","95.86","","","","","","NA"
"2015-11-11 12:00","2015","11","11","12:00","7.7","","0.2","","59","","28","","4","","","","95.90","","","","","","NA"
"2015-11-11 13:00","2015","11","11","13:00","8.3","","-3.2","","44","","27","","9","","","","95.94","","","","","","NA"
"2015-11-11 14:00","2015","11","11","14:00","4.3","","-0.4","","72","","33","","22","","","","96.12","","","","","","NA"
"2015-11-11 15:00","2015","11","11","15:00","4.8","","-0.7","","68","","28","","15","","","","96.25","","","","","","NA"
"2015-11-11 16:00","2015","11","11","16:00","3.4","","0.0","","79","","8","","3","","","","96.29","","","","","","NA"
"2015-11-11 17:00","2015","11","11","17:00","1.9","","0.1","","87","","7","","4","","","","96.37","","","","","","NA"
"2015-11-11 18:00","2015","11","11","18:00","1.6","","0.3","","91","","11","","18","","","","96.37","","","","","","NA"
"2015-11-11 19:00","2015","11","11","19:00","1.0","","-0.1","","93","","10","","11","","","","96.44","","","","","","NA"
"2015-11-11 20:00","2015","11","11","20:00","0.5","","-0.2","","95","","10","","14","","","","96.52","","","","","","NA"
"2015-11-11 21:00","2015","11","11","21:00","0.2","","-0.4","","96","","10","","11","","","","96.55","","","","","","NA"
"2015-11-11 22:00","2015","11","11","22:00","-0.2","","-0.8","","96","","10","","17","","","","96.59","","","","-5","","NA"
"2015-11-11 23:00","2015","11","11","23:00","-0.4","","-1.3","","94","","11","","12","","","","96.61","","","","-4","","NA"
"2015-11-12 00:00","2015","11","12","00:00","-0.5","","-1.6","","92","","9","","14","","","","96.64","","","","-5","","NA"
"2015-11-12 01:00","2015","11","12","01:00","-1.5","","-2.2","","94","","9","","9","","","","96.65","","","","-5","","NA"
"2015-11-12 02:00","2015","11","12","02:00","-1.6","","-2.3","","95","","10","","17","","","","96.67","","","","-7","","NA"
"2015-11-12 03:00","2015","11","12","03:00","-1.8","","-2.4","","96","","10","","18","","","","96.64","","","","-7","","NA"
"2015-11-12 04:00","2015","11","12","04:00","-1.2","","-2.2","","93","","9","","14","","","","96.62","","","","-6","","NA"
"2015-11-12 05:00","2015","11","12","05:00","-0.7","","-2.0","","91","","9","","15","","","","96.57","","","","-5","","NA"
"2015-11-12 06:00","2015","11","12","06:00","-1.4","","-2.7","","91","","10","","15","","","","96.54","","","","-6","","NA"
"2015-11-12 07:00","2015","11","12","07:00","-1.1","","-2.6","","89","","9","","14","","","","96.53","","","","-6","","NA"
"2015-11-12 08:00","2015","11","12","08:00","-0.8","","-2.1","","91","","11","","17","","","","96.51","","","","-6","","NA"
"2015-11-12 09:00","2015","11","12","09:00","0.0","","-1.7","","89","","11","","17","","","","96.47","","","","-5","","NA"
"2015-11-12 10:00","2015","11","12","10:00","0.3","","-1.6","","87","","9","","15","","","","96.41","","","","","","NA"
"2015-11-12 11:00","2015","11","12","11:00","0.6","","-1.5","","86","","8","","12","","","","96.30","","","","","","NA"
"2015-11-12 12:00","2015","11","12","12:00","1.2","","-1.3","","84","","9","","10","","","","96.15","","","","","","NA"
"2015-11-12 13:00","2015","11","12","13:00","1.9","","-0.9","","82","","7","","11","","","","96.00","","","","","","NA"
"2015-11-12 14:00","2015","11","12","14:00","2.5","","-0.8","","79","","7","","11","","","","95.87","","","","","","NA"
"2015-11-12 15:00","2015","11","12","15:00","2.4","","-1.0","","78","","8","","11","","","","95.81","","","","","","NA"
"2015-11-12 16:00","2015","11","12","16:00","2.6","","-1.1","","77","","9","","10","","","","95.74","","","","","","NA"
"2015-11-12 17:00","2015","11","12","17:00","2.7","","-1.1","","76","","10","","12","","","","95.65","","","","","","NA"
"2015-11-12 18:00","2015","11","12","18:00","2.7","","-1.1","","76","","34","","4","","","","95.54","","","","","","NA"
"2015-11-12 19:00","2015","11","12","19:00","2.6","","-1.0","","77","","12","","3","","","","95.52","","","","","","NA"
"2015-11-12 20:00","2015","11","12","20:00","2.5","","-0.9","","78","","27","","3","","","","95.40","","","","","","NA"
"2015-11-12 21:00","2015","11","12","21:00","5.4","","0.6","","71","","9","","10","","","","95.29","","","","","","NA"
"2015-11-12 22:00","2015","11","12","22:00","4.1","","-0.8","","70","","15","","7","","","","95.20","","","","","","NA"
"2015-11-12 23:00","2015","11","12","23:00","3.3","","-0.6","","76","","8","","5","","","","95.13","","","","","","NA"
"2015-11-13 00:00","2015","11","13","00:00","3.6","","-0.3","","75","","9","","6","","","","95.06","","","","","","NA"
"2015-11-13 01:00","2015","11","13","01:00","4.1","","-0.3","","73","","7","","4","","","","94.97","","","","","","NA"
"2015-11-13 02:00","2015","11","13","02:00","3.7","","0.1","","78","","10","","6","","","","94.90","","","","","","NA"
"2015-11-13 03:00","2015","11","13","03:00","4.2","","0.4","","77","","10","","3","","","","94.87","","","","","","NA"
"2015-11-13 04:00","2015","11","13","04:00","4.6","","0.7","","76","","10","","4","","","","94.85","","","","","","NA"
"2015-11-13 05:00","2015","11","13","05:00","4.4","","1.0","","79","","9","","6","","","","94.77","","","","","","NA"
"2015-11-13 06:00","2015","11","13","06:00","4.3","","1.3","","81","","3","","3","","","","94.72","","","","","","NA"
"2015-11-13 07:00","2015","11","13","07:00","4.0","","1.5","","84","","7","","3","","","","94.71","","","","","","NA"
"2015-11-13 08:00","2015","11","13","08:00","4.1","","2.0","","86","","10","","12","","","","94.70","","","","","","NA"
"2015-11-13 09:00","2015","11","13","09:00","4.0","","2.7","","91","","10","","10","","","","94.76","","","","","","NA"
"2015-11-13 10:00","2015","11","13","10:00","4.9","","3.5","","90","","9","","8","","","","94.77","","","","","","NA"
"2015-11-13 11:00","2015","11","13","11:00","6.2","","4.2","","87","","10","","12","","","","94.70","","","","","","NA"
"2015-11-13 12:00","2015","11","13","12:00","7.4","","4.4","","81","","9","","8","","","","94.70","","","","","","NA"
"2015-11-13 13:00","2015","11","13","13:00","8.1","","4.8","","80","","9","","9","","","","94.70","","","","","","NA"
"2015-11-13 14:00","2015","11","13","14:00","9.0","","5.5","","79","","7","","6","","","","94.72","","","","","","NA"
"2015-11-13 15:00","2015","11","13","15:00","12.6","","4.1","","56","","24","","7","","","","94.75","","","","","","NA"
"2015-11-13 16:00","2015","11","13","16:00","12.1","","3.4","","55","","27","","4","","","","94.76","","","","","","NA"
"2015-11-13 17:00","2015","11","13","17:00","8.0","","4.6","","79","","9","","6","","","","94.84","","","","","","NA"
"2015-11-13 18:00","2015","11","13","18:00","6.9","","4.3","","84","","8","","7","","","","94.82","","","","","","NA"
"2015-11-13 19:00","2015","11","13","19:00","7.1","","4.0","","81","","8","","7","","","","94.85","","","","","","NA"
"2015-11-13 20:00","2015","11","13","20:00","8.0","","3.8","","75","","9","","4","","","","94.87","","","","","","NA"
"2015-11-13 21:00","2015","11","13","21:00","6.4","","3.5","","82","","10","","6","","","","94.92","","","","","","NA"
"2015-11-13 22:00","2015","11","13","22:00","5.8","","3.8","","87","","9","","7","","","","94.98","","","","","","NA"
"2015-11-13 23:00","2015","11","13","23:00","5.6","","3.2","","84","","7","","5","","","","94.94","","","","","","NA"
"2015-11-14 00:00","2015","11","14","00:00","5.7","","2.4","","79","","35","","1","","","","94.95","","","","","","NA"
"2015-11-14 01:00","2015","11","14","01:00","6.1","","2.5","","78","","8","","6","","","","94.97","","","","","","NA"
"2015-11-14 02:00","2015","11","14","02:00","4.9","","3.0","","88","","10","","9","","","","95.04","","","","","","NA"
"2015-11-14 03:00","2015","11","14","03:00","5.2","","3.4","","88","","10","","11","","","","95.03","","","","","","NA"
"2015-11-14 04:00","2015","11","14","04:00","5.3","","3.1","","85","","10","","15","","","","95.01","","","","","","NA"
"2015-11-14 05:00","2015","11","14","05:00","6.4","","2.9","","79","","11","","13","","","","94.99","","","","","","NA"
"2015-11-14 06:00","2015","11","14","06:00","5.8","","3.5","","85","","9","","12","","","","95.01","","","","","","NA"
"2015-11-14 07:00","2015","11","14","07:00","4.9","","4.2","","95","","8","","8","","","","95.01","","","","","","NA"
"2015-11-14 08:00","2015","11","14","08:00","4.8","","4.2","","97","","10","","12","","","","95.06","","","","","","NA"
"2015-11-14 09:00","2015","11","14","09:00","4.4","","3.7","","95","","9","","12","","","","95.05","","","","","","NA"
"2015-11-14 10:00","2015","11","14","10:00","4.4","","3.6","","95","","9","","13","","","","95.02","","","","","","NA"
"2015-11-14 11:00","2015","11","14","11:00","4.7","","3.9","","95","","9","","9","","","","95.03","","","","","","NA"
"2015-11-14 12:00","2015","11","14","12:00","5.4","","4.2","","92","","8","","6","","","","95.00","","","","","","NA"
"2015-11-14 13:00","2015","11","14","13:00","5.2","","4.2","","94","","8","","8","","","","94.93","","","","","","NA"
"2015-11-14 14:00","2015","11","14","14:00","5.0","","4.1","","94","","8","","9","","","","94.90","","","","","","NA"
"2015-11-14 15:00","2015","11","14","15:00","4.9","","4.1","","95","","8","","9","","","","94.86","","","","","","NA"
"2015-11-14 16:00","2015","11","14","16:00","4.6","","4.0","","96","","7","","8","","","","94.83","","","","","","NA"
"2015-11-14 17:00","2015","11","14","17:00","4.3","","3.8","","97","","9","","7","","","","94.80","","","","","","NA"
"2015-11-14 18:00","2015","11","14","18:00","4.2","","3.6","","96","","8","","6","","","","94.77","","","","","","NA"
"2015-11-14 19:00","2015","11","14","19:00","3.8","","3.2","","96","","10","","11","","","","94.70","","","","","","NA"
"2015-11-14 20:00","2015","11","14","20:00","3.5","","3.1","","97","","9","","7","","","","94.65","","","","","","NA"
"2015-11-14 21:00","2015","11","14","21:00","3.1","","2.7","","97","","8","","6","","","","94.61","","","","","","NA"
"2015-11-14 22:00","2015","11","14","22:00","2.8","","2.4","","98","","8","","7","","","","94.52","","","","","","NA"
"2015-11-14 23:00","2015","11","14","23:00","2.7","","2.4","","98","","8","","8","","","","94.43","","","","","","NA"
"2015-11-15 00:00","2015","11","15","00:00","2.8","","2.5","","98","","8","","5","","","","94.37","","","","","","NA"
"2015-11-15 01:00","2015","11","15","01:00","2.7","","2.5","","98","","8","","4","","","","94.29","","","","","","NA"
"2015-11-15 02:00","2015","11","15","02:00","2.8","","2.6","","99","","0","","1","","","","94.24","","","","","","NA"
"2015-11-15 03:00","2015","11","15","03:00","2.8","","2.7","","100","","29","","2","","","","94.12","","","","","","NA"
"2015-11-15 04:00","2015","11","15","04:00","2.8","","2.7","","100","","27","","2","","","","94.05","","","","","","NA"
"2015-11-15 05:00","2015","11","15","05:00","2.8","","2.8","","100","","26","","2","","","","93.98","","","","","","NA"
"2015-11-15 06:00","2015","11","15","06:00","2.8","","2.8","","100","","0","","1","","","","93.90","","","","","","NA"
"2015-11-15 07:00","2015","11","15","07:00","2.8","","2.8","","100","","28","","1","","","","93.88","","","","","","NA"
"2015-11-15 08:00","2015","11","15","08:00","2.8","","2.8","","100","","25","","2","","","","93.91","","","","","","NA"
"2015-11-15 09:00","2015","11","15","09:00","3.1","","3.1","","100","","26","","5","","","","94.01","","","","","","NA"
"2015-11-15 10:00","2015","11","15","10:00","3.3","","3.3","","100","","29","","4","","","","94.11","","","","","","NA"
"2015-11-15 11:00","2015","11","15","11:00","3.9","","3.9","","100","","31","","4","","","","94.20","","","","","","NA"
"2015-11-15 12:00","2015","11","15","12:00","4.1","","4.0","","99","","21","","3","","","","94.26","","","","","","NA"
"2015-11-15 13:00","2015","11","15","13:00","4.1","","4.0","","99","","31","","4","","","","94.33","","","","","","NA"
"2015-11-15 14:00","2015","11","15","14:00","3.7","","3.4","","98","","32","","9","","","","94.43","","","","","","NA"
"2015-11-15 15:00","2015","11","15","15:00","3.2","","2.7","","97","","32","","10","","","","94.54","","","","","","NA"
"2015-11-15 16:00","2015","11","15","16:00","2.0","","1.8","","99","","28","","3","","","","94.68","","","","","","NA"
"2015-11-15 17:00","2015","11","15","17:00","2.5","","2.3","","99","","32","","10","","","","94.79","","","","","","NA"
"2015-11-15 18:00","2015","11","15","18:00","2.4","","1.9","","97","","21","","4","","","","94.86","","","","","","NA"
"2015-11-15 19:00","2015","11","15","19:00","2.1","","1.9","","99","","27","","2","","","","94.93","","","","","","NA"
"2015-11-15 20:00","2015","11","15","20:00","2.0","","1.9","","99","","28","","3","","","","95.01","","","","","","NA"
"2015-11-15 21:00","2015","11","15","21:00","1.8","","1.7","","99","","26","","2","","","","95.13","","","","","","NA"
"2015-11-15 22:00","2015","11","15","22:00","1.6","","1.3","","98","","21","","3","","","","95.25","","","","","","NA"
"2015-11-15 23:00","2015","11","15","23:00","1.1","","0.6","","97","","0","","1","","","","95.38","","","","","","NA"
"2015-11-16 00:00","2015","11","16","00:00","0.3","","-1.2","","89","","24","","2","","","","95.50","","","","","","NA"
"2015-11-16 01:00","2015","11","16","01:00","-0.3","","-1.2","","94","","15","","4","","","","95.60","","","","-2","","NA"
"2015-11-16 02:00","2015","11","16","02:00","-1.0","","-1.7","","95","","16","","2","","","","95.68","","","","-2","","NA"
"2015-11-16 03:00","2015","11","16","03:00","-1.1","","-1.6","","96","","25","","2","","","","95.75","","","","-2","","NA"
"2015-11-16 04:00","2015","11","16","04:00","-1.5","","-2.1","","96","","7","","2","","","","95.83","","","","-2","","NA"
"2015-11-16 05:00","2015","11","16","05:00","-2.1","","-2.5","","97","","11","","7","","","","95.90","","","","-5","","NA"
"2015-11-16 06:00","2015","11","16","06:00","-2.1","","-3.1","","93","","12","","8","","","","95.92","","","","-5","","NA"
"2015-11-16 07:00","2015","11","16","07:00","-1.6","","-3.0","","90","","12","","9","","","","95.99","","","","-5","","NA"
"2015-11-16 08:00","2015","11","16","08:00","-1.6","","-2.7","","92","","9","","6","","","","96.10","","","","-4","","NA"
"2015-11-16 09:00","2015","11","16","09:00","-0.5","","-1.8","","91","","10","","10","","","","96.10","","","","-4","","NA"
"2015-11-16 10:00","2015","11","16","10:00","1.5","","-1.4","","81","","9","","10","","","","96.11","","","","","","NA"
"2015-11-16 11:00","2015","11","16","11:00","2.1","","-2.1","","74","","11","","11","","","","96.08","","","","","","NA"
"2015-11-16 12:00","2015","11","16","12:00","1.9","","-1.7","","77","","9","","12","","","","95.99","","","","","","NA"
"2015-11-16 13:00","2015","11","16","13:00","2.1","","-1.6","","77","","12","","7","","","","95.97","","","","","","NA"
"2015-11-16 14:00","2015","11","16","14:00","2.1","","-1.5","","78","","10","","16","","","","95.89","","","","","","NA"
"2015-11-16 15:00","2015","11","16","15:00","2.0","","-1.7","","76","","10","","14","","","","95.81","","","","","","NA"
"2015-11-16 16:00","2015","11","16","16:00","1.4","","-1.0","","84","","10","","15","","","","95.71","","","","","","NA"
"2015-11-16 17:00","2015","11","16","17:00","1.5","","-1.2","","82","","9","","15","","","","95.55","","","","","","NA"
"2015-11-16 18:00","2015","11","16","18:00","1.7","","-1.5","","79","","8","","11","","","","95.48","","","","","","NA"
"2015-11-16 19:00","2015","11","16","19:00","1.4","","-1.2","","83","","9","","13","","","","95.37","","","","","","NA"
"2015-11-16 20:00","2015","11","16","20:00","1.8","","-1.1","","81","","9","","11","","","","95.30","","","","","","NA"
"2015-11-16 21:00","2015","11","16","21:00","3.8","","-2.4","","64","","8","","9","","","","95.19","","","","","","NA"
"2015-11-16 22:00","2015","11","16","22:00","3.5","","-1.9","","68","","7","","10","","","","95.18","","","","","","NA"
"2015-11-16 23:00","2015","11","16","23:00","3.1","","-1.3","","73","","8","","11","","","","95.08","","","","","","NA"
"2015-11-17 00:00","2015","11","17","00:00","1.3","","-0.1","","90","","9","","15","","","","95.01","","","","","","NA"
"2015-11-17 01:00","2015","11","17","01:00","1.4","","0.2","","91","","9","","13","","","","95.00","","","","","","NA"
"2015-11-17 02:00","2015","11","17","02:00","1.7","","0.0","","88","","10","","14","","","","95.00","","","","","","NA"
"2015-11-17 03:00","2015","11","17","03:00","1.5","","-0.1","","89","","9","","15","","","","94.93","","","","","","NA"
"2015-11-17 04:00","2015","11","17","04:00","1.6","","-0.1","","88","","9","","12","","","","94.90","","","","","","NA"
"2015-11-17 05:00","2015","11","17","05:00","1.9","","0.1","","88","","11","","15","","","","94.78","","","","","","NA"
"2015-11-17 06:00","2015","11","17","06:00","1.5","","-0.1","","89","","14","","17","","","","94.62","","","","","","NA"
"2015-11-17 07:00","2015","11","17","07:00","1.3","","0.3","","93","","10","","11","","","","94.52","","","","","","NA"
"2015-11-17 08:00","2015","11","17","08:00","1.3","","0.6","","95","","11","","6","","","","94.35","","","","","","NA"
"2015-11-17 09:00","2015","11","17","09:00","1.8","","0.9","","94","","11","","8","","","","94.11","","","","","","NA"
"2015-11-17 10:00","2015","11","17","10:00","2.1","","1.1","","94","","10","","9","","","","93.89","","","","","","NA"
"2015-11-17 11:00","2015","11","17","11:00","2.5","","1.4","","93","","10","","7","","","","93.66","","","","","","NA"
"2015-11-17 12:00","2015","11","17","12:00"
"2015-11-17 13:00","2015","11","17","13:00"
"2015-11-17 14:00","2015","11","17","14:00"
"2015-11-17 15:00","2015","11","17","15:00"
"2015-11-17 16:00","2015","11","17","16:00"
"2015-11-17 17:00","2015","11","17","17:00","4.6","","3.6","","93","","24","","8","","","","93.40","","","","","","NA"
"2015-11-17 18:00","2015","11","17","18:00","4.1","","3.3","","95","","27","","4","","","","93.70","","","","","","NA"
"2015-11-17 19:00","2015","11","17","19:00","3.7","","3.0","","95","","25","","6","","","","93.90","","","","","","NA"
"2015-11-17 20:00","2015","11","17","20:00","3.3","","2.5","","95","","29","","6","","","","93.99","","","","","","NA"
"2015-11-17 21:00","2015","11","17","21:00","3.7","","2.9","","94","","30","","10","","","","94.17","","","","","","NA"
"2015-11-17 22:00","2015","11","17","22:00","4.4","","-0.7","","70","","25","","16","","","","94.36","","","","","","NA"
"2015-11-17 23:00","2015","11","17","23:00","3.9","","-1.7","","67","","28","","8","","","","94.63","","","","","","NA"
"2015-11-18 00:00","2015","11","18","00:00","3.3","","-1.7","","69","","30","","7","","","","94.91","","","","","","NA"
"2015-11-18 01:00","2015","11","18","01:00","3.5","","-3.4","","60","","29","","8","","","","95.11","","","","","","NA"
"2015-11-18 02:00","2015","11","18","02:00","3.4","","-4.3","","57","","27","","8","","","","95.34","","","","","","NA"
"2015-11-18 03:00","2015","11","18","03:00","2.7","","-4.9","","57","","29","","10","","","","95.50","","","","","","NA"
"2015-11-18 04:00","2015","11","18","04:00","1.2","","-4.4","","66","","29","","3","","","","95.67","","","","","","NA"
"2015-11-18 05:00","2015","11","18","05:00","1.3","","-6.3","","57","","24","","7","","","","95.86","","","","","","NA"
"2015-11-18 06:00","2015","11","18","06:00","0.6","","-6.1","","61","","22","","6","","","","95.99","","","","","","NA"
"2015-11-18 07:00","2015","11","18","07:00","-0.7","","-5.7","","69","","4","","1","","","","96.08","","","","-1","","NA"
"2015-11-18 08:00","2015","11","18","08:00","-0.8","","-6.5","","65","","0","","1","","","","96.17","","","","-1","","NA"
"2015-11-18 09:00","2015","11","18","09:00","0.1","","-4.3","","72","","9","","5","","","","96.26","","","","","","NA"
"2015-11-18 10:00","2015","11","18","10:00"
"2015-11-18 11:00","2015","11","18","11:00"
"2015-11-18 12:00","2015","11","18","12:00"
"2015-11-18 13:00","2015","11","18","13:00"
"2015-11-18 14:00","2015","11","18","14:00"
"2015-11-18 15:00","2015","11","18","15:00"
"2015-11-18 16:00","2015","11","18","16:00"
"2015-11-18 17:00","2015","11","18","17:00"
"2015-11-18 18:00","2015","11","18","18:00","0.9","","-2.9","","76","","11","","9","","","","96.30","","","","","","NA"
"2015-11-18 19:00","2015","11","18","19:00","0.3","","-2.7","","80","","9","","8","","","","96.29","","","","","","NA"
"2015-11-18 20:00","2015","11","18","20:00","0.1","","-2.3","","84","","10","","11","","","","96.29","","","","","","NA"
"2015-11-18 21:00","2015","11","18","21:00","-0.4","","-2.2","","88","","10","","9","","","","96.32","","","","-4","","NA"
"2015-11-18 22:00","2015","11","18","22:00","-0.6","","-2.2","","89","","11","","11","","","","96.32","","","","-4","","NA"
"2015-11-18 23:00","2015","11","18","23:00","-0.5","","-2.2","","88","","10","","12","","","","96.31","","","","-4","","NA"
"2015-11-19 00:00","2015","11","19","00:00","-1.0","","-2.3","","91","","11","","10","","","","96.31","","","","-5","","NA"
"2015-11-19 01:00","2015","11","19","01:00","-1.5","","-2.6","","92","","10","","12","","","","96.27","","","","-6","","NA"
"2015-11-19 02:00","2015","11","19","02:00","-2.1","","-2.9","","94","","11","","9","","","","96.29","","","","-6","","NA"
"2015-11-19 03:00","2015","11","19","03:00","-2.4","","-3.3","","93","","9","","9","","","","96.28","","","","-6","","NA"
"2015-11-19 04:00","2015","11","19","04:00","-2.7","","-3.7","","93","","9","","8","","","","96.26","","","","-6","","NA"
"2015-11-19 05:00","2015","11","19","05:00","-3.0","","-4.1","","92","","9","","8","","","","96.30","","","","-6","","NA"
"2015-11-19 06:00","2015","11","19","06:00","-3.1","","-4.3","","92","","9","","10","","","","96.29","","","","-7","","NA"
"2015-11-19 07:00","2015","11","19","07:00","-3.3","","-4.8","","90","","11","","9","","","","96.32","","","","-7","","NA"
"2015-11-19 08:00","2015","11","19","08:00","-3.2","","-4.7","","89","","10","","11","","","","96.35","","","","-7","","NA"
"2015-11-19 09:00","2015","11","19","09:00","-2.2","","-4.7","","83","","12","","11","","","","96.37","","","","-6","","NA"
"2015-11-19 10:00","2015","11","19","10:00","0.2","","-3.8","","75","","12","","4","","","","96.40","","","","","","NA"
"2015-11-19 11:00","2015","11","19","11:00","0.9","","-4.3","","68","","14","","4","","","","96.40","","","","","","NA"
"2015-11-19 12:00","2015","11","19","12:00","1.7","","-3.6","","68","","25","","2","","","","96.37","","","","","","NA"
"2015-11-19 13:00","2015","11","19","13:00","2.6","","-3.3","","65","","32","","2","","","","96.35","","","","","","NA"
"2015-11-19 14:00","2015","11","19","14:00","2.5","","-2.6","","69","","23","","3","","","","96.35","","","","","","NA"
"2015-11-19 15:00","2015","11","19","15:00","2.1","","-2.5","","72","","26","","3","","","","96.38","","","","","","NA"
"2015-11-19 16:00","2015","11","19","16:00","1.1","","-1.8","","81","","30","","2","","","","96.45","","","","","","NA"
"2015-11-19 17:00","2015","11","19","17:00","0.0","","-2.2","","85","","31","","3","","","","96.52","","","","-1","","NA"
"2015-11-19 18:00","2015","11","19","18:00","-1.4","","-4.3","","81","","12","","3","","","","96.57","","","","-2","","NA"
"2015-11-19 19:00","2015","11","19","19:00","-1.7","","-3.5","","87","","10","","6","","","","96.64","","","","-4","","NA"
"2015-11-19 20:00","2015","11","19","20:00","-1.8","","-4.7","","81","","8","","4","","","","96.69","","","","-3","","NA"
"2015-11-19 21:00","2015","11","19","21:00","-1.5","","-4.1","","83","","9","","5","","","","96.74","","","","-3","","NA"
"2015-11-19 22:00","2015","11","19","22:00","-2.5","","-4.7","","85","","7","","4","","","","96.77","","","","-4","","NA"
"2015-11-19 23:00","2015","11","19","23:00","-2.0","","-4.1","","86","","10","","2","","","","96.86","","","","-3","","NA"
"2015-11-20 00:00","2015","11","20","00:00","-1.6","","-3.5","","86","","28","","2","","","","96.92","","","","-2","","NA"
"2015-11-20 01:00","2015","11","20","01:00","-1.1","","-3.3","","85","","26","","4","","","","97.01","","","","-2","","NA"
"2015-11-20 02:00","2015","11","20","02:00","1.0","","-4.3","","68","","26","","11","","","","97.13","","","","","","NA"
"2015-11-20 03:00","2015","11","20","03:00","0.5","","-4.5","","69","","26","","6","","","","97.21","","","","","","NA"
"2015-11-20 04:00","2015","11","20","04:00","1.1","","-6.4","","57","","29","","7","","","","97.33","","","","","","NA"
"2015-11-20 05:00","2015","11","20","05:00","0.6","","-5.5","","64","","21","","1","","","","97.39","","","","","","NA"
"2015-11-20 06:00","2015","11","20","06:00","-0.3","","-6.4","","64","","9","","1","","","","97.45","","","","-1","","NA"
"2015-11-20 07:00","2015","11","20","07:00","-1.5","","-6.0","","72","","6","","2","","","","97.49","","","","-2","","NA"
"2015-11-20 08:00","2015","11","20","08:00","-2.1","","-6.5","","72","","6","","2","","","","97.56","","","","-3","","NA"
"2015-11-20 09:00","2015","11","20","09:00","-0.7","","-5.6","","69","","11","","3","","","","97.62","","","","-2","","NA"
"2015-11-20 10:00","2015","11","20","10:00","1.8","","-5.7","","57","","20","","2","","","","97.69","","","","","","NA"
"2015-11-20 11:00","2015","11","20","11:00","3.0","","-6.5","","50","","15","","4","","","","97.69","","","","","","NA"
"2015-11-20 12:00","2015","11","20","12:00","4.5","","-6.6","","45","","20","","3","","","","97.65","","","","","","NA"
"2015-11-20 13:00","2015","11","20","13:00","4.3","","-7.7","","41","","18","","4","","","","97.66","","","","","","NA"
"2015-11-20 14:00","2015","11","20","14:00","3.3","","-6.2","","50","","14","","5","","","","97.66","","","","","","NA"
"2015-11-20 15:00","2015","11","20","15:00","1.8","","-3.8","","66","","15","","5","","","","97.69","","","","","","NA"
"2015-11-20 16:00","2015","11","20","16:00","-0.4","","-4.9","","71","","10","","3","","","","97.68","","","","-1","","NA"
"2015-11-20 17:00","2015","11","20","17:00","-0.8","","-4.6","","76","","11","","9","","","","97.66","","","","-4","","NA"
"2015-11-20 18:00","2015","11","20","18:00","-1.0","","-4.5","","77","","10","","16","","","","97.65","","","","-6","","NA"
"2015-11-20 19:00","2015","11","20","19:00","-2.0","","-5.0","","80","","9","","12","","","","97.64","","","","-6","","NA"
"2015-11-20 20:00","2015","11","20","20:00","-2.1","","-5.2","","79","","9","","10","","","","97.67","","","","-6","","NA"
"2015-11-20 21:00","2015","11","20","21:00","-2.4","","-5.6","","78","","8","","11","","","","97.74","","","","-6","","NA"
"2015-11-20 22:00","2015","11","20","22:00","-2.3","","-5.6","","78","","9","","13","","","","97.65","","","","-7","","NA"
"2015-11-20 23:00","2015","11","20","23:00","-2.8","","-6.0","","79","","9","","12","","","","97.60","","","","-7","","NA"
"2015-11-21 00:00","2015","11","21","00:00","-2.9","","-5.7","","81","","9","","10","","","","97.52","","","","-7","","NA"
"2015-11-21 01:00","2015","11","21","01:00","-3.1","","-6.0","","81","","10","","15","","","","97.51","","","","-8","","NA"
"2015-11-21 02:00","2015","11","21","02:00","-3.2","","-6.1","","81","","8","","10","","","","97.50","","","","-7","","NA"
"2015-11-21 03:00","2015","11","21","03:00","-3.9","","-6.2","","84","","11","","11","","","","97.50","","","","-8","","NA"
"2015-11-21 04:00","2015","11","21","04:00","-4.3","","-6.4","","85","","10","","11","","","","97.47","","","","-9","","NA"
"2015-11-21 05:00","2015","11","21","05:00","-4.8","","-6.8","","86","","10","","11","","","","97.45","","","","-9","","NA"
"2015-11-21 06:00","2015","11","21","06:00","-5.1","","-6.9","","87","","10","","10","","","","97.45","","","","-9","","NA"
"2015-11-21 07:00","2015","11","21","07:00","-4.5","","-6.4","","87","","11","","10","","","","97.45","","","","-9","","NA"
"2015-11-21 08:00","2015","11","21","08:00","-4.2","","-6.4","","85","","10","","12","","","","97.43","","","","-9","","NA"
"2015-11-21 09:00","2015","11","21","09:00","-2.8","","-5.5","","82","","11","","9","","","","97.46","","","","-6","","NA"
"2015-11-21 10:00","2015","11","21","10:00","-1.9","","-5.0","","80","","11","","9","","","","97.46","","","","-5","","NA"
"2015-11-21 11:00","2015","11","21","11:00","-0.5","","-5.5","","69","","12","","4","","","","97.41","","","","-2","","NA"
"2015-11-21 12:00","2015","11","21","12:00","0.8","","-5.5","","63","","0","","1","","","","97.37","","","","","","NA"
"2015-11-21 13:00","2015","11","21","13:00","0.9","","-6.6","","57","","24","","3","","","","97.29","","","","","","NA"
"2015-11-21 14:00","2015","11","21","14:00","2.3","","-5.5","","56","","22","","3","","","","97.20","","","","","","NA"
"2015-11-21 15:00","2015","11","21","15:00","0.6","","-4.2","","70","","17","","4","","","","97.17","","","","","","NA"
"2015-11-21 16:00","2015","11","21","16:00","-2.5","","-4.6","","85","","16","","2","","","","97.13","","","","-3","","NA"
"2015-11-21 17:00","2015","11","21","17:00","-2.6","","-4.3","","88","","19","","3","","","","97.15","","","","-4","","NA"
"2015-11-21 18:00","2015","11","21","18:00","-2.0","","-4.0","","86","","10","","4","","","","97.14","","","","-3","","NA"
"2015-11-21 19:00","2015","11","21","19:00","-1.1","","-3.8","","82","","11","","7","","","","97.09","","","","-4","","NA"
"2015-11-21 20:00","2015","11","21","20:00","-0.7","","-4.2","","77","","11","","6","","","","97.04","","","","-3","","NA"
"2015-11-21 21:00","2015","11","21","21:00","-1.1","","-3.9","","81","","8","","2","","","","97.07","","","","-2","","NA"
"2015-11-21 22:00","2015","11","21","22:00","-2.5","","-4.2","","88","","6","","2","","","","97.00","","","","-3","","NA"
"2015-11-21 23:00","2015","11","21","23:00","-3.2","","-4.2","","93","","11","","4","","","","96.99","","","","-5","","NA"
"2015-11-22 00:00","2015","11","22","00:00","-3.3","","-4.6","","90","","9","","5","","","","96.96","","","","-5","","NA"
"2015-11-22 01:00","2015","11","22","01:00","-1.8","","-4.1","","85","","10","","9","","","","96.93","","","","-5","","NA"
"2015-11-22 02:00","2015","11","22","02:00","-1.7","","-3.8","","85","","10","","9","","","","96.92","","","","-5","","NA"
"2015-11-22 03:00","2015","11","22","03:00","-2.4","","-4.5","","85","","8","","3","","","","96.89","","","","-4","","NA"
"2015-11-22 04:00","2015","11","22","04:00","-2.8","","-4.2","","90","","8","","3","","","","96.87","","","","-4","","NA"
"2015-11-22 05:00","2015","11","22","05:00","-3.0","","-4.1","","92","","7","","3","","","","96.82","","","","-4","","NA"
"2015-11-22 06:00","2015","11","22","06:00","-2.1","","-3.4","","91","","9","","4","","","","96.83","","","","-4","","NA"
"2015-11-22 07:00","2015","11","22","07:00","-2.5","","-3.7","","91","","9","","4","","","","96.78","","","","-4","","NA"
"2015-11-22 08:00","2015","11","22","08:00","-1.8","","-3.2","","90","","10","","7","","","","96.80","","","","-4","","NA"
"2015-11-22 09:00","2015","11","22","09:00","-1.0","","-2.8","","88","","9","","6","","","","96.77","","","","-3","","NA"
"2015-11-22 10:00","2015","11","22","10:00","0.3","","-2.7","","80","","10","","5","","","","96.72","","","","","","NA"
"2015-11-22 11:00","2015","11","22","11:00","1.0","","-3.0","","75","","29","","2","","","","96.67","","","","","","NA"
"2015-11-22 12:00","2015","11","22","12:00","1.1","","-2.9","","74","","15","","1","","","","96.57","","","","","","NA"
"2015-11-22 13:00","2015","11","22","13:00","1.4","","-2.7","","74","","5","","1","","","","96.49","","","","","","NA"
"2015-11-22 14:00","2015","11","22","14:00","1.5","","-2.7","","74","","0","","1","","","","96.42","","","","","","NA"
"2015-11-22 15:00","2015","11","22","15:00","1.6","","-2.7","","73","","25","","1","","","","96.38","","","","","","NA"
"2015-11-22 16:00","2015","11","22","16:00","0.7","","-2.6","","78","","","","0","","","","96.34","","","","","","NA"
"2015-11-22 17:00","2015","11","22","17:00","0.2","","-1.9","","86","","12","","4","","","","96.32","","","","","","NA"
"2015-11-22 18:00","2015","11","22","18:00","-0.2","","-2.3","","86","","9","","3","","","","96.27","","","","-1","","NA"
"2015-11-22 19:00","2015","11","22","19:00","0.1","","-2.3","","84","","11","","7","","","","96.24","","","","","","NA"
"2015-11-22 20:00","2015","11","22","20:00","0.0","","-2.5","","83","","10","","7","","","","96.18","","","","-2","","NA"
"2015-11-22 21:00","2015","11","22","21:00","-0.5","","-2.7","","85","","10","","5","","","","96.14","","","","-2","","NA"
"2015-11-22 22:00","2015","11","22","22:00","-0.9","","-2.6","","89","","8","","2","","","","96.13","","","","-2","","NA"
"2015-11-22 23:00","2015","11","22","23:00","-0.9","","-2.7","","88","","11","","9","","","","96.08","","","","-4","","NA"
"2015-11-23 00:00","2015","11","23","00:00","-0.8","","-2.6","","87","","11","","11","","","","96.02","","","","-5","","NA"
"2015-11-23 01:00","2015","11","23","01:00","-0.5","","-2.6","","86","","11","","10","","","","95.95","","","","-4","","NA"
"2015-11-23 02:00","2015","11","23","02:00","-0.8","","-2.5","","88","","12","","8","","","","95.88","","","","-4","","NA"
"2015-11-23 03:00","2015","11","23","03:00","-0.6","","-2.4","","88","","11","","8","","","","95.81","","","","-3","","NA"
"2015-11-23 04:00","2015","11","23","04:00","-0.6","","-2.4","","88","","11","","8","","","","95.71","","","","-3","","NA"
"2015-11-23 05:00","2015","11","23","05:00","-0.7","","-1.7","","93","","9","","5","","","","95.65","","","","-2","","NA"
"2015-11-23 06:00","2015","11","23","06:00","-0.9","","-1.9","","93","","11","","8","","","","95.57","","","","-4","","NA"
"2015-11-23 07:00","2015","11","23","07:00","-0.7","","-1.8","","92","","8","","5","","","","95.51","","","","-2","","NA"
"2015-11-23 08:00","2015","11","23","08:00","-0.8","","-1.5","","95","","10","","8","","","","95.42","","","","-4","","NA"
"2015-11-23 09:00","2015","11","23","09:00","-0.4","","-1.3","","94","","9","","7","","","","95.39","","","","-3","","NA"
"2015-11-23 10:00","2015","11","23","10:00","0.0","","-1.1","","92","","7","","4","","","","95.36","","","","-1","","NA"
"2015-11-23 11:00","2015","11","23","11:00","0.4","","-1.0","","90","","10","","8","","","","95.30","","","","","","NA"
"2015-11-23 12:00","2015","11","23","12:00","0.8","","-0.8","","89","","10","","9","","","","95.23","","","","","","NA"
"2015-11-23 13:00","2015","11","23","13:00","0.8","","-0.8","","89","","9","","7","","","","95.18","","","","","","NA"
"2015-11-23 14:00","2015","11","23","14:00","0.9","","-0.8","","89","","9","","8","","","","95.14","","","","","","NA"
"2015-11-23 15:00","2015","11","23","15:00","0.5","","-0.5","","93","","9","","9","","","","95.13","","","","","","NA"
"2015-11-23 16:00","2015","11","23","16:00","0.1","","-0.2","","98","","9","","4","","","","95.15","","","","","","NA"
"2015-11-23 17:00","2015","11","23","17:00","-0.1","","-0.2","","99","","","","0","","","","95.14","","","","","","NA"
"2015-11-23 18:00","2015","11","23","18:00","-0.2","","-0.2","","100","","10","","1","","","","95.09","","","","-1","","NA"
"2015-11-23 19:00","2015","11","23","19:00","-0.2","","-0.2","","100","","10","","1","","","","95.06","","","","-1","","NA"
"2015-11-23 20:00","2015","11","23","20:00","-0.2","","-0.2","","100","","","","0","","","","95.06","","","","","","NA"
"2015-11-23 21:00","2015","11","23","21:00","-0.2","","-0.2","","100","","","","0","","","","95.06","","","","","","NA"
"2015-11-23 22:00","2015","11","23","22:00","0.0","","0.0","","100","","","","0","","","","95.10","","","","","","NA"
"2015-11-23 23:00","2015","11","23","23:00","0.0","","0.0","","100","","","","0","","","","95.13","","","","","","NA"
"2015-11-24 00:00","2015","11","24","00:00","0.0","","0.0","","100","","","","0","","","","95.18","","","","","","NA"
"2015-11-24 01:00","2015","11","24","01:00","0.0","","0.0","","100","","","","0","","","","95.22","","","","","","NA"
"2015-11-24 02:00","2015","11","24","02:00","0.0","","0.0","","100","","","","0","","","","95.30","","","","","","NA"
"2015-11-24 03:00","2015","11","24","03:00","-0.1","","-0.1","","100","","","","0","","","","95.34","","","","","","NA"
"2015-11-24 04:00","2015","11","24","04:00","-0.5","","-0.7","","98","","","","0","","","","95.41","","","","","","NA"
"2015-11-24 05:00","2015","11","24","05:00","-0.7","","-0.8","","99","","","","0","","","","95.48","","","","","","NA"
"2015-11-24 06:00","2015","11","24","06:00","-0.8","","-0.9","","99","","","","0","","","","95.57","","","","","","NA"
"2015-11-24 07:00","2015","11","24","07:00","-1.1","","-1.2","","99","","","","0","","","","95.67","","","","","","NA"
"2015-11-24 08:00","2015","11","24","08:00","-1.2","","-1.5","","98","","","","0","","","","95.76","","","","","","NA"
"2015-11-24 09:00","2015","11","24","09:00","-1.2","","-2.7","","90","","","","0","","","","95.85","","","","","","NA"
"2015-11-24 10:00","2015","11","24","10:00","-2.0","","-3.9","","87","","","","0","","","","95.95","","","","","","NA"
"2015-11-24 11:00","2015","11","24","11:00","-1.9","","-4.5","","83","","","","0","","","","96.01","","","","","","NA"
"2015-11-24 12:00","2015","11","24","12:00","-1.7","","-4.9","","79","","","","0","","","","96.07","","","","","","NA"
"2015-11-24 13:00","2015","11","24","13:00","-1.9","","-5.2","","78","","","","0","","","","96.13","","","","","","NA"
"2015-11-24 14:00","2015","11","24","14:00","-2.1","","-5.1","","80","","26","","8","","","","96.21","","","","-5","","NA"
"2015-11-24 15:00","2015","11","24","15:00","-2.6","","-6.4","","75","","24","","9","","","","96.33","","","","-6","","NA"
"2015-11-24 16:00","2015","11","24","16:00","-2.8","","-6.4","","76","","24","","9","","","","96.42","","","","-6","","NA"
"2015-11-24 17:00","2015","11","24","17:00","-3.0","","-7.3","","72","","25","","9","","","","96.53","","","","-7","","NA"
"2015-11-24 18:00","2015","11","24","18:00","-3.3","","-7.4","","73","","25","","8","","","","96.61","","","","-7","","NA"
"2015-11-24 19:00","2015","11","24","19:00","-3.4","","-7.8","","71","","25","","10","","","","96.69","","","","-7","","NA"
"2015-11-24 20:00","2015","11","24","20:00","-3.4","","-8.2","","70","","25","","9","","","","96.77","","","","-7","","NA"
"2015-11-24 21:00","2015","11","24","21:00","-4.0","","-8.8","","69","","23","","10","","","","96.86","","","","-8","","NA"
"2015-11-24 22:00","2015","11","24","22:00","-4.9","","-9.1","","72","","24","","8","","","","96.92","","","","-8","","NA"
"2015-11-24 23:00","2015","11","24","23:00","-6.5","","-8.8","","84","","27","","5","","","","97.01","","","","-9","","NA"
"2015-11-25 00:00","2015","11","25","00:00","-6.8","","-9.9","","79","","29","","1","","","","97.05","","","","-7","","NA"
"2015-11-25 01:00","2015","11","25","01:00","-7.6","","-10.3","","81","","24","","5","","","","97.11","","","","-10","","NA"
"2015-11-25 02:00","2015","11","25","02:00","-8.0","","-11.0","","79","","28","","5","","","","97.14","","","","-11","","NA"
"2015-11-25 03:00","2015","11","25","03:00","-7.6","","-9.9","","84","","29","","6","","","","97.21","","","","-11","","NA"
"2015-11-25 04:00","2015","11","25","04:00","-9.0","","-11.8","","80","","27","","7","","","","97.23","","","","-13","","NA"
"2015-11-25 05:00","2015","11","25","05:00","-8.8","","-11.1","","84","","31","","3","","","","97.28","","","","-10","","NA"
"2015-11-25 06:00","2015","11","25","06:00","-8.8","","-11.6","","80","","28","","1","","","","97.32","","","","-9","","NA"
"2015-11-25 07:00","2015","11","25","07:00","-11.6","","-12.9","","90","","6","","4","","","","97.38","","","","-14","","NA"
"2015-11-25 08:00","2015","11","25","08:00","-11.9","","-13.0","","91","","9","","4","","","","97.45","","","","-14","","NA"
"2015-11-25 09:00","2015","11","25","09:00","-11.4","","-12.9","","89","","8","","3","","","","97.48","","","","-13","","NA"
"2015-11-25 10:00","2015","11","25","10:00","-8.9","","-11.9","","79","","12","","3","","","","97.52","","","","-11","","NA"
"2015-11-25 11:00","2015","11","25","11:00","-5.0","","-10.1","","68","","10","","3","","","","97.48","","","","-6","","NA"
"2015-11-25 12:00","2015","11","25","12:00","-3.8","","-10.5","","60","","17","","3","","","","97.45","","","","-5","","NA"
"2015-11-25 13:00","2015","11","25","13:00","-3.3","","-9.6","","62","","14","","4","","","","97.39","","","","-5","","NA"
"2015-11-25 14:00","2015","11","25","14:00","-2.6","","-8.5","","64","","17","","5","","","","97.41","","","","-5","","NA"
"2015-11-25 15:00","2015","11","25","15:00","-7.1","","-9.9","","81","","16","","6","","","","97.44","","","","-10","","NA"
"2015-11-25 16:00","2015","11","25","16:00","-8.2","","-10.5","","84","","11","","5","","","","97.42","","","","-11","","NA"
"2015-11-25 17:00","2015","11","25","17:00","-9.3","","-10.3","","92","","16","","3","","","","97.53","","","","-11","","NA"
"2015-11-25 18:00","2015","11","25","18:00","-9.3","","-10.5","","91","","8","","2","","","","97.55","","","","-10","","NA"
"2015-11-25 19:00","2015","11","25","19:00","-8.9","","-10.5","","88","","11","","6","","","","97.56","","","","-12","","NA"
"2015-11-25 20:00","2015","11","25","20:00","-10.9","","-12.4","","89","","10","","5","","","","97.60","","","","-14","","NA"
"2015-11-25 21:00","2015","11","25","21:00","-10.0","","-11.8","","87","","10","","4","","","","97.66","","","","-12","","NA"
"2015-11-25 22:00","2015","11","25","22:00","-11.1","","-12.4","","90","","9","","5","","","","97.68","","","","-14","","NA"
"2015-11-25 23:00","2015","11","25","23:00","-10.3","","-11.9","","88","","11","","10","","","","97.73","","","","-16","","NA"
"2015-11-26 00:00","2015","11","26","00:00","-10.9","","-12.4","","89","","9","","6","","","","97.75","","","","-15","","NA"
"2015-11-26 01:00","2015","11","26","01:00","-11.8","","-13.4","","88","","10","","6","","","","97.78","","","","-16","","NA"
"2015-11-26 02:00","2015","11","26","02:00","-11.5","","-13.0","","88","","11","","9","","","","97.79","","","","-17","","NA"
"2015-11-26 03:00","2015","11","26","03:00","-11.6","","-13.3","","88","","10","","8","","","","97.84","","","","-16","","NA"
"2015-11-26 04:00","2015","11","26","04:00","-11.5","","-13.2","","88","","10","","4","","","","97.88","","","","-14","","NA"
"2015-11-26 05:00","2015","11","26","05:00","-11.8","","-13.3","","88","","9","","3","","","","97.91","","","","-14","","NA"
"2015-11-26 06:00","2015","11","26","06:00","-11.8","","-13.2","","89","","7","","4","","","","97.97","","","","-14","","NA"
"2015-11-26 07:00","2015","11","26","07:00","-10.5","","-12.0","","88","","8","","2","","","","97.99","","","","-12","","NA"
"2015-11-26 08:00","2015","11","26","08:00","-9.2","","-11.0","","86","","11","","3","","","","98.01","","","","-11","","NA"
"2015-11-26 09:00","2015","11","26","09:00","-7.7","","-10.5","","80","","0","","1","","","","98.03","","","","-8","","NA"
"2015-11-26 10:00","2015","11","26","10:00","-5.9","","-10.2","","71","","9","","3","","","","98.09","","","","-7","","NA"
"2015-11-26 11:00","2015","11","26","11:00","-5.9","","-10.1","","72","","15","","4","","","","98.06","","","","-8","","NA"
"2015-11-26 12:00","2015","11","26","12:00","-4.3","","-9.4","","68","","17","","4","","","","98.02","","","","-6","","NA"
"2015-11-26 13:00","2015","11","26","13:00","-3.6","","-9.1","","66","","15","","5","","","","97.99","","","","-6","","NA"
"2015-11-26 14:00","2015","11","26","14:00","-3.7","","-9.1","","66","","34","","2","","","","97.94","","","","-5","","NA"
"2015-11-26 15:00","2015","11","26","15:00","-5.3","","-8.7","","77","","18","","3","","","","97.93","","","","-7","","NA"
"2015-11-26 16:00","2015","11","26","16:00","-8.1","","-9.7","","88","","14","","2","","","","97.92","","","","-9","","NA"
"2015-11-26 17:00","2015","11","26","17:00","-9.3","","-10.8","","89","","11","","3","","","","97.94","","","","-11","","NA"
"2015-11-26 18:00","2015","11","26","18:00","-10.1","","-11.1","","92","","8","","3","","","","97.93","","","","-12","","NA"
"2015-11-26 19:00","2015","11","26","19:00","-11.0","","-11.9","","94","","9","","4","","","","97.95","","","","-13","","NA"
"2015-11-26 20:00","2015","11","26","20:00","-10.4","","-11.4","","92","","7","","2","","","","97.97","","","","-12","","NA"
"2015-11-26 21:00","2015","11","26","21:00","-9.0","","-10.1","","92","","0","","1","","","","97.96","","","","-10","","NA"
"2015-11-26 22:00","2015","11","26","22:00","-8.2","","-9.3","","92","","14","","2","","","","97.97","","","","-9","","NA"
"2015-11-26 23:00","2015","11","26","23:00","-7.4","","-8.6","","91","","19","","3","","","","97.96","","","","-9","","NA"
"2015-11-27 00:00","2015","11","27","00:00","-7.0","","-8.3","","90","","14","","2","","","","97.95","","","","-8","","NA"
"2015-11-27 01:00","2015","11","27","01:00","-6.6","","-8.7","","85","","","","0","","","","97.92","","","","","","NA"
"2015-11-27 02:00","2015","11","27","02:00","-6.6","","-9.0","","83","","23","","1","","","","97.94","","","","-7","","NA"
"2015-11-27 03:00","2015","11","27","03:00","-6.8","","-9.4","","82","","","","0","","","","97.92","","","","","","NA"
"2015-11-27 04:00","2015","11","27","04:00","-6.8","","-9.2","","83","","","","0","","","","97.91","","","","","","NA"
"2015-11-27 05:00","2015","11","27","05:00","-6.8","","-9.2","","83","","9","","4","","","","97.90","","","","-9","","NA"
"2015-11-27 06:00","2015","11","27","06:00","-7.1","","-9.3","","84","","12","","4","","","","97.92","","","","-9","","NA"
"2015-11-27 07:00","2015","11","27","07:00","-7.1","","-9.3","","85","","12","","4","","","","97.92","","","","-9","","NA"
"2015-11-27 08:00","2015","11","27","08:00","-7.3","","-9.6","","84","","11","","5","","","","97.92","","","","-10","","NA"
"2015-11-27 09:00","2015","11","27","09:00","-7.1","","-9.5","","83","","12","","5","","","","97.92","","","","-10","","NA"
"2015-11-27 10:00","2015","11","27","10:00","-6.8","","-9.2","","83","","12","","8","","","","97.92","","","","-11","","NA"
"2015-11-27 11:00","2015","11","27","11:00","-6.0","","-8.4","","83","","11","","8","","","","97.89","","","","-10","","NA"
"2015-11-27 12:00","2015","11","27","12:00","-5.9","","-9.1","","78","","11","","6","","","","97.87","","","","-9","","NA"
"2015-11-27 13:00","2015","11","27","13:00","-5.5","","-8.6","","79","","10","","5","","","","97.81","","","","-8","","NA"
"2015-11-27 14:00","2015","11","27","14:00","-5.4","","-8.5","","79","","10","","6","","","","97.76","","","","-8","","NA"
"2015-11-27 15:00","2015","11","27","15:00","-5.6","","-8.1","","83","","10","","7","","","","97.73","","","","-9","","NA"
"2015-11-27 16:00","2015","11","27","16:00","-6.0","","-8.2","","84","","11","","7","","","","97.70","","","","-9","","NA"
"2015-11-27 17:00","2015","11","27","17:00","-6.0","","-7.8","","87","","10","","5","","","","97.69","","","","-8","","NA"
"2015-11-27 18:00","2015","11","27","18:00","-6.1","","-8.0","","86","","8","","2","","","","97.70","","","","-7","","NA"
"2015-11-27 19:00","2015","11","27","19:00","-6.6","","-8.7","","85","","15","","4","","","","97.69","","","","-9","","NA"
"2015-11-27 20:00","2015","11","27","20:00","-6.4","","-8.2","","87","","10","","6","","","","97.67","","","","-9","","NA"
"2015-11-27 21:00","2015","11","27","21:00","-6.3","","-8.1","","87","","9","","4","","","","97.68","","","","-8","","NA"
"2015-11-27 22:00","2015","11","27","22:00","-6.5","","-8.3","","87","","10","","7","","","","97.68","","","","-10","","NA"
"2015-11-27 23:00","2015","11","27","23:00","-6.8","","-8.4","","88","","10","","7","","","","97.67","","","","-10","","NA"
"2015-11-28 00:00","2015","11","28","00:00","-7.0","","-8.8","","87","","12","","9","","","","97.67","","","","-11","","NA"
"2015-11-28 01:00","2015","11","28","01:00","-7.1","","-8.9","","87","","10","","9","","","","97.67","","","","-11","","NA"
"2015-11-28 02:00","2015","11","28","02:00","-7.4","","-9.3","","86","","8","","5","","","","97.67","","","","-10","","NA"
"2015-11-28 03:00","2015","11","28","03:00","-7.6","","-9.5","","86","","9","","7","","","","97.66","","","","-11","","NA"
"2015-11-28 04:00","2015","11","28","04:00","-7.6","","-9.4","","87","","9","","5","","","","97.63","","","","-10","","NA"
"2015-11-28 05:00","2015","11","28","05:00","-7.7","","-9.5","","87","","9","","6","","","","97.58","","","","-11","","NA"
"2015-11-28 06:00","2015","11","28","06:00","-7.7","","-9.4","","88","","10","","8","","","","97.57","","","","-12","","NA"
"2015-11-28 07:00","2015","11","28","07:00","-7.8","","-9.5","","88","","11","","9","","","","97.55","","","","-12","","NA"
"2015-11-28 08:00","2015","11","28","08:00","-7.9","","-9.8","","86","","9","","6","","","","97.59","","","","-11","","NA"
"2015-11-28 09:00","2015","11","28","09:00","-7.7","","-9.7","","85","","8","","6","","","","97.59","","","","-11","","NA"
"2015-11-28 10:00","2015","11","28","10:00","-6.7","","-9.3","","82","","8","","8","","","","97.58","","","","-11","","NA"
"2015-11-28 11:00","2015","11","28","11:00","-6.1","","-9.2","","78","","10","","10","","","","97.54","","","","-11","","NA"
"2015-11-28 12:00","2015","11","28","12:00","-6.6","","-9.7","","79","","9","","4","","","","97.47","","","","-9","","NA"
"2015-11-28 13:00","2015","11","28","13:00","-6.2","","-9.1","","80","","11","","3","","","","97.39","","","","-8","","NA"
"2015-11-28 14:00","2015","11","28","14:00","-6.0","","-8.8","","81","","16","","2","","","","97.31","","","","-7","","NA"
"2015-11-28 15:00","2015","11","28","15:00","-6.1","","-8.5","","83","","32","","1","","","","97.27","","","","-7","","NA"
"2015-11-28 16:00","2015","11","28","16:00","-6.6","","-8.8","","84","","7","","1","","","","97.25","","","","-7","","NA"
"2015-11-28 17:00","2015","11","28","17:00","-7.2","","-8.9","","88","","14","","7","","","","97.27","","","","-11","","NA"
"2015-11-28 18:00","2015","11","28","18:00","-7.1","","-8.9","","87","","13","","11","","","","97.26","","","","-12","","NA"
"2015-11-28 19:00","2015","11","28","19:00","-7.3","","-8.9","","88","","14","","7","","","","97.24","","","","-11","","NA"
"2015-11-28 20:00","2015","11","28","20:00","-7.3","","-9.1","","87","","13","","7","","","","97.21","","","","-11","","NA"
"2015-11-28 21:00","2015","11","28","21:00","-7.3","","-9.0","","88","","15","","8","","","","97.21","","","","-11","","NA"
"2015-11-28 22:00","2015","11","28","22:00","-7.5","","-9.0","","89","","11","","9","","","","97.20","","","","-12","","NA"
"2015-11-28 23:00","2015","11","28","23:00","-7.5","","-9.0","","89","","10","","8","","","","97.19","","","","-12","","NA"
"2015-11-29 00:00","2015","11","29","00:00","-7.5","","-9.0","","90","","10","","7","","","","97.19","","","","-11","","NA"
"2015-11-29 01:00","2015","11","29","01:00","-7.6","","-9.0","","90","","9","","6","","","","97.17","","","","-11","","NA"
"2015-11-29 02:00","2015","11","29","02:00","-7.8","","-9.2","","90","","10","","9","","","","97.18","","","","-12","","NA"
"2015-11-29 03:00","2015","11","29","03:00","-8.2","","-9.6","","90","","10","","11","","","","97.16","","","","-13","","NA"
"2015-11-29 04:00","2015","11","29","04:00","-8.3","","-9.8","","89","","10","","12","","","","97.14","","","","-14","","NA"
"2015-11-29 05:00","2015","11","29","05:00","-8.3","","-9.5","","91","","10","","4","","","","97.14","","","","-10","","NA"
"2015-11-29 06:00","2015","11","29","06:00","-8.4","","-9.7","","90","","8","","4","","","","97.12","","","","-11","","NA"
"2015-11-29 07:00","2015","11","29","07:00","-8.2","","-9.3","","92","","8","","5","","","","97.11","","","","-11","","NA"
"2015-11-29 08:00","2015","11","29","08:00","-8.4","","-10.2","","87","","10","","4","","","","97.11","","","","-11","","NA"
"2015-11-29 09:00","2015","11","29","09:00","-8.0","","-9.2","","91","","11","","8","","","","97.12","","","","-12","","NA"
"2015-11-29 10:00","2015","11","29","10:00","-7.5","","-9.0","","89","","9","","5","","","","97.10","","","","-10","","NA"
"2015-11-29 11:00","2015","11","29","11:00","-7.1","","-9.0","","86","","8","","3","","","","97.04","","","","-9","","NA"
"2015-11-29 12:00","2015","11","29","12:00","-7.0","","-9.0","","86","","14","","4","","","","96.97","","","","-9","","NA"
"2015-11-29 13:00","2015","11","29","13:00","-6.7","","-9.1","","83","","0","","1","","","","96.94","","","","-7","","NA"
"2015-11-29 14:00","2015","11","29","14:00","-6.6","","-8.8","","84","","0","","1","","","","96.88","","","","-7","","NA"
"2015-11-29 15:00","2015","11","29","15:00","-6.6","","-8.6","","86","","1","","2","","","","96.87","","","","-8","","NA"
"2015-11-29 16:00","2015","11","29","16:00","-6.9","","-8.5","","88","","10","","4","","","","96.85","","","","-9","","NA"
"2015-11-29 17:00","2015","11","29","17:00","-6.9","","-8.3","","89","","13","","5","","","","96.87","","","","-9","","NA"
"2015-11-29 18:00","2015","11","29","18:00","-7.0","","-8.5","","89","","10","","6","","","","96.86","","","","-10","","NA"
"2015-11-29 19:00","2015","11","29","19:00","-7.0","","-8.4","","90","","9","","9","","","","96.82","","","","-11","","NA"
"2015-11-29 20:00","2015","11","29","20:00","-7.0","","-8.4","","90","","9","","10","","","","96.81","","","","-12","","NA"
"2015-11-29 21:00","2015","11","29","21:00","-7.0","","-8.3","","90","","9","","8","","","","96.81","","","","-11","","NA"
"2015-11-29 22:00","2015","11","29","22:00","-7.0","","-8.3","","91","","9","","8","","","","96.82","","","","-11","","NA"
"2015-11-29 23:00","2015","11","29","23:00","-7.0","","-8.0","","92","","9","","9","","","","96.81","","","","-11","","NA"
"2015-11-30 00:00","2015","11","30","00:00","-7.2","","-7.9","","95","","9","","11","","","","96.79","","","","-12","","NA"
"2015-11-30 01:00","2015","11","30","01:00","-7.3","","-8.0","","95","","9","","11","","","","96.75","","","","-12","","NA"
"2015-11-30 02:00","2015","11","30","02:00","-7.3","","-8.2","","93","","9","","10","","","","96.74","","","","-12","","NA"
"2015-11-30 03:00","2015","11","30","03:00","-7.2","","-7.7","","96","","9","","8","","","","96.71","","","","-11","","NA"
"2015-11-30 04:00","2015","11","30","04:00","-7.1","","-7.5","","97","","9","","8","","","","96.67","","","","-11","","NA"
"2015-11-30 05:00","2015","11","30","05:00","-6.9","","-7.5","","96","","9","","9","","","","96.64","","","","-11","","NA"
"2015-11-30 06:00","2015","11","30","06:00","-6.7","","-7.6","","94","","10","","10","","","","96.65","","","","-11","","NA"
"2015-11-30 07:00","2015","11","30","07:00","-6.7","","-7.6","","94","","9","","8","","","","96.64","","","","-11","","NA"
"2015-11-30 08:00","2015","11","30","08:00","-6.5","","-7.3","","94","","9","","8","","","","96.64","","","","-10","","NA"
"2015-11-30 09:00","2015","11","30","09:00","-6.2","","-7.3","","91","","9","","7","","","","96.64","","","","-10","","NA"
"2015-11-30 10:00","2015","11","30","10:00","-5.8","","-7.1","","91","","9","","6","","","","96.63","","","","-9","","NA"
"2015-11-30 11:00","2015","11","30","11:00","-5.6","","-7.3","","88","","9","","8","","","","96.59","","","","-9","","NA"
"2015-11-30 12:00","2015","11","30","12:00","-5.2","","-7.1","","86","","9","","5","","","","96.55","","","","-7","","NA"
"2015-11-30 13:00","2015","11","30","13:00","-4.8","","-6.8","","86","","9","","5","","","","96.50","","","","-7","","NA"
"2015-11-30 14:00","2015","11","30","14:00","-4.8","","-6.9","","85","","9","","4","","","","96.49","","","","-7","","NA"
"2015-11-30 15:00","2015","11","30","15:00","-4.7","","-7.0","","84","","6","","2","","","","96.48","","","","-6","","NA"
"2015-11-30 16:00","2015","11","30","16:00","-5.0","","-7.1","","85","","15","","5","","","","96.49","","","","-7","","NA"
"2015-11-30 17:00","2015","11","30","17:00","-5.1","","-6.9","","87","","10","","7","","","","96.51","","","","-8","","NA"
"2015-11-30 18:00","2015","11","30","18:00","-5.1","","-7.1","","86","","8","","7","","","","96.55","","","","-8","","NA"
"2015-11-30 19:00","2015","11","30","19:00","-5.2","","-6.9","","88","","9","","5","","","","96.61","","","","-7","","NA"
"2015-11-30 20:00","2015","11","30","20:00","-5.3","","-7.1","","87","","8","","5","","","","96.63","","","","-8","","NA"
"2015-11-30 21:00","2015","11","30","21:00","-5.4","","-7.4","","86","","9","","7","","","","96.68","","","","-9","","NA"
"2015-11-30 22:00","2015","11","30","22:00","-5.6","","-7.7","","85","","9","","8","","","","96.70","","","","-9","","NA"
"2015-11-30 23:00","2015","11","30","23:00","-5.6","","-7.8","","85","","9","","7","","","","96.75","","","","-9","","NA"
